avg_r2,std_r2,avg_rmse,std_rmse
-63.186125722282064,213.6864307114131,2498.5721612986736,2142.698326923794
